urlname;parentname;baseref;result;warningstring;infostring;valid;url;line;column;name;dltime;size;checktime;cached;level;modified
/;http://ecology-sandra.codio.io:3000/radiation/;;403 Forbidden;;;False;http://ecology-sandra.codio.io:3000/;530;4;Home;-1;209;2.42353606224;0;1;
/;http://ecology-sandra.codio.io:3000/radiation/Sign-up-for-Email-Updates/;;403 Forbidden;;;False;http://ecology-sandra.codio.io:3000/;530;4;Home;-1;209;2.42353606224;0;2;
/;http://ecology-sandra.codio.io:3000/radiation/contact.aspx;;403 Forbidden;;;False;http://ecology-sandra.codio.io:3000/;530;4;Home;-1;209;2.42353606224;0;2;
/;http://ecology-sandra.codio.io:3000/radiation/x-ray/medical.aspx;;403 Forbidden;;;False;http://ecology-sandra.codio.io:3000/;484;4;Home;-1;209;2.42353606224;0;3;
/;http://ecology-sandra.codio.io:3000/radiation/x-ray/veterinary.aspx;;403 Forbidden;;;False;http://ecology-sandra.codio.io:3000/;484;4;Home;-1;209;2.42353606224;0;3;
/;http://ecology-sandra.codio.io:3000/radiation/x-ray/dental.aspx;;403 Forbidden;;;False;http://ecology-sandra.codio.io:3000/;484;4;Home;-1;209;2.42353606224;0;3;
/;http://ecology-sandra.codio.io:3000/radiation/x-ray/;;403 Forbidden;;;False;http://ecology-sandra.codio.io:3000/;484;4;Home;-1;209;2.42353606224;0;2;
/;http://ecology-sandra.codio.io:3000/radiation/x-ray/industrial.aspx;;403 Forbidden;;;False;http://ecology-sandra.codio.io:3000/;484;4;Home;-1;209;2.42353606224;0;3;
/;http://ecology-sandra.codio.io:3000/radiation/x-ray/regulatory-guides.aspx;;403 Forbidden;;;False;http://ecology-sandra.codio.io:3000/;484;4;Home;-1;209;2.42353606224;0;3;
/;http://ecology-sandra.codio.io:3000/radiation/x-ray/inspections.aspx;;403 Forbidden;;;False;http://ecology-sandra.codio.io:3000/;484;4;Home;-1;209;2.42353606224;0;3;
/;http://ecology-sandra.codio.io:3000/radiation/x-ray/violation-notice.aspx;;403 Forbidden;;;False;http://ecology-sandra.codio.io:3000/;484;4;Home;-1;209;2.42353606224;0;3;
/;http://ecology-sandra.codio.io:3000/radiation/x-ray/compliance-trends.aspx;;403 Forbidden;;;False;http://ecology-sandra.codio.io:3000/;484;4;Home;-1;209;2.42353606224;0;3;
/;http://ecology-sandra.codio.io:3000/radiation/inspectors.aspx;;403 Forbidden;;;False;http://ecology-sandra.codio.io:3000/;530;4;Home;-1;209;2.42353606224;0;3;
/;http://ecology-sandra.codio.io:3000/radiation/industrial-radiographers/;;403 Forbidden;;;False;http://ecology-sandra.codio.io:3000/;465;4;Home;-1;209;2.42353606224;0;2;
/;http://ecology-sandra.codio.io:3000/radiation/x-ray/medical-faq.aspx;;403 Forbidden;;;False;http://ecology-sandra.codio.io:3000/;484;4;Home;-1;209;2.42353606224;0;3;
/;http://ecology-sandra.codio.io:3000/radiation/x-ray/industrial-faq.aspx;;403 Forbidden;;;False;http://ecology-sandra.codio.io:3000/;484;4;Home;-1;209;2.42353606224;0;3;
/;http://ecology-sandra.codio.io:3000/radiation/x-ray/faq.aspx;;403 Forbidden;;;False;http://ecology-sandra.codio.io:3000/;484;4;Home;-1;209;2.42353606224;0;3;
/;http://ecology-sandra.codio.io:3000/radiation/industrial-radiographers/renew.aspx;;403 Forbidden;;;False;http://ecology-sandra.codio.io:3000/;465;4;Home;-1;209;2.42353606224;0;3;
/;http://ecology-sandra.codio.io:3000/radiation/industrial-radiographers/certification.aspx;;403 Forbidden;;;False;http://ecology-sandra.codio.io:3000/;465;4;Home;-1;209;2.42353606224;0;3;
/;http://ecology-sandra.codio.io:3000/radiation/industrial-radiographers/exam.aspx;;403 Forbidden;;;False;http://ecology-sandra.codio.io:3000/;465;4;Home;-1;209;2.42353606224;0;3;
/;http://ecology-sandra.codio.io:3000/radiation/industrial-radiographers/other-certifications.aspx;;403 Forbidden;;;False;http://ecology-sandra.codio.io:3000/;465;4;Home;-1;209;2.42353606224;0;3;
/;http://ecology-sandra.codio.io:3000/radiation/industrial-radiographers/contact.aspx;;403 Forbidden;;;False;http://ecology-sandra.codio.io:3000/;465;4;Home;-1;209;2.42353606224;0;3;
/;http://ecology-sandra.codio.io:3000/radiation/industrial-radiographers/contact.aspx;;403 Forbidden;;;False;http://ecology-sandra.codio.io:3000/;465;4;Home;-1;209;2.42353606224;0;3;
/;http://ecology-sandra.codio.io:3000/radiation/ram/norm.aspx;;403 Forbidden;;;False;http://ecology-sandra.codio.io:3000/;484;4;Home;-1;209;2.42353606224;0;3;
/;http://ecology-sandra.codio.io:3000/radiation/ram/medical.aspx;;403 Forbidden;;;False;http://ecology-sandra.codio.io:3000/;484;4;Home;-1;209;2.42353606224;0;3;
/;http://ecology-sandra.codio.io:3000/radiation/ram/industrial.aspx;;403 Forbidden;;;False;http://ecology-sandra.codio.io:3000/;484;4;Home;-1;209;2.42353606224;0;3;
/;http://ecology-sandra.codio.io:3000/radiation/ram/advanced-technology.aspx;;403 Forbidden;;;False;http://ecology-sandra.codio.io:3000/;484;4;Home;-1;209;2.42353606224;0;3;
/;http://ecology-sandra.codio.io:3000/radiation/ram/termination.aspx;;403 Forbidden;;;False;http://ecology-sandra.codio.io:3000/;484;4;Home;-1;209;2.42353606224;0;3;
/;http://ecology-sandra.codio.io:3000/radiation/ram/amendments.aspx;;403 Forbidden;;;False;http://ecology-sandra.codio.io:3000/;484;4;Home;-1;209;2.42353606224;0;3;
/;http://ecology-sandra.codio.io:3000/radiation/ram/fingerprint-workshop.aspx;;403 Forbidden;;;False;http://ecology-sandra.codio.io:3000/;484;4;Home;-1;209;2.42353606224;0;3;
/;http://ecology-sandra.codio.io:3000/radiation/ram/;;403 Forbidden;;;False;http://ecology-sandra.codio.io:3000/;484;4;Home;-1;209;2.42353606224;0;2;
/;http://ecology-sandra.codio.io:3000/radiation/ram/GLA.aspx;;403 Forbidden;;;False;http://ecology-sandra.codio.io:3000/;484;4;Home;-1;209;2.42353606224;0;3;
/;http://ecology-sandra.codio.io:3000/radiation/ram/regulatory-guides.aspx;;403 Forbidden;;;False;http://ecology-sandra.codio.io:3000/;484;4;Home;-1;209;2.42353606224;0;3;
/;http://ecology-sandra.codio.io:3000/radiation/ram/compliance-tips.aspx;;403 Forbidden;;;False;http://ecology-sandra.codio.io:3000/;484;4;Home;-1;209;2.42353606224;0;3;
/;http://ecology-sandra.codio.io:3000/radiation/ram/violation-notice.aspx;;403 Forbidden;;;False;http://ecology-sandra.codio.io:3000/;484;4;Home;-1;209;2.42353606224;0;3;
/;http://ecology-sandra.codio.io:3000/radiation/ram/compliance-trends.aspx;;403 Forbidden;;;False;http://ecology-sandra.codio.io:3000/;484;4;Home;-1;209;2.42353606224;0;3;
/;http://ecology-sandra.codio.io:3000/radiation/ram/environmental-monitoring.aspx;;403 Forbidden;;;False;http://ecology-sandra.codio.io:3000/;484;4;Home;-1;209;2.42353606224;0;3;
/;http://ecology-sandra.codio.io:3000/radiation/ram/increased-controls.aspx;;403 Forbidden;;;False;http://ecology-sandra.codio.io:3000/;484;4;Home;-1;209;2.42353606224;0;3;
/;http://ecology-sandra.codio.io:3000/radiation/mammography/;;403 Forbidden;;;False;http://ecology-sandra.codio.io:3000/;475;4;Home;-1;209;2.42353606224;0;2;
/;http://ecology-sandra.codio.io:3000/radiation/ram/faq.aspx;;403 Forbidden;;;False;http://ecology-sandra.codio.io:3000/;484;4;Home;-1;209;2.42353606224;0;3;
/;http://ecology-sandra.codio.io:3000/radiation/mammography/certification.aspx;;403 Forbidden;;;False;http://ecology-sandra.codio.io:3000/;475;4;Home;-1;209;2.42353606224;0;3;
/;http://ecology-sandra.codio.io:3000/radiation/mammography/accreditation.aspx;;403 Forbidden;;;False;http://ecology-sandra.codio.io:3000/;475;4;Home;-1;209;2.42353606224;0;3;
/;http://ecology-sandra.codio.io:3000/radiation/mammography/interventional-radiography.aspx;;403 Forbidden;;;False;http://ecology-sandra.codio.io:3000/;475;4;Home;-1;209;2.42353606224;0;3;
/;http://ecology-sandra.codio.io:3000/radiation/mammography/inspections.aspx;;403 Forbidden;;;False;http://ecology-sandra.codio.io:3000/;475;4;Home;-1;209;2.42353606224;0;3;
/;http://ecology-sandra.codio.io:3000/radiation/mammography/faq.aspx;;403 Forbidden;;;False;http://ecology-sandra.codio.io:3000/;475;4;Home;-1;209;2.42353606224;0;3;
/;http://ecology-sandra.codio.io:3000/radiation/lasers/;;403 Forbidden;;;False;http://ecology-sandra.codio.io:3000/;456;4;Home;-1;209;2.42353606224;0;2;
/;http://ecology-sandra.codio.io:3000/radiation/mammography/interventional-radiography-faq.aspx;;403 Forbidden;;;False;http://ecology-sandra.codio.io:3000/;475;4;Home;-1;209;2.42353606224;0;3;
/;http://ecology-sandra.codio.io:3000/radiation/lasers/registration.aspx;;403 Forbidden;;;False;http://ecology-sandra.codio.io:3000/;456;4;Home;-1;209;2.42353606224;0;3;
/;http://ecology-sandra.codio.io:3000/radiation/laser-hair-removal/;;403 Forbidden;;;False;http://ecology-sandra.codio.io:3000/;482;4;Home;-1;209;2.42353606224;0;2;
/;http://ecology-sandra.codio.io:3000/radiation/reciprocity.aspx;;403 Forbidden;;;False;http://ecology-sandra.codio.io:3000/;530;4;Home;-1;209;2.42353606224;0;2;
/;http://ecology-sandra.codio.io:3000/radiation/laser-hair-removal/individual-registration.aspx;;403 Forbidden;;;False;http://ecology-sandra.codio.io:3000/;482;4;Home;-1;209;2.42353606224;0;3;
/;http://ecology-sandra.codio.io:3000/radiation/laser-hair-removal/facility-registration.aspx;;403 Forbidden;;;False;http://ecology-sandra.codio.io:3000/;482;4;Home;-1;209;2.42353606224;0;3;
/;http://ecology-sandra.codio.io:3000/radiation/laser-hair-removal/training-program-registration.aspx;;403 Forbidden;;;False;http://ecology-sandra.codio.io:3000/;482;4;Home;-1;209;2.42353606224;0;3;
/;http://ecology-sandra.codio.io:3000/radiation/laser-hair-removal/certifying-entity-approval.aspx;;403 Forbidden;;;False;http://ecology-sandra.codio.io:3000/;482;4;Home;-1;209;2.42353606224;0;3;
/;http://ecology-sandra.codio.io:3000/radiation/laser-hair-removal/publications.aspx;;403 Forbidden;;;False;http://ecology-sandra.codio.io:3000/;482;4;Home;-1;209;2.42353606224;0;3;
/;http://ecology-sandra.codio.io:3000/radiation/laser-hair-removal/training-courses.aspx;;403 Forbidden;;;False;http://ecology-sandra.codio.io:3000/;482;4;Home;-1;209;2.42353606224;0;3;
/;http://ecology-sandra.codio.io:3000/radiation/laser-hair-removal/certifying-entity-list.aspx;;403 Forbidden;;;False;http://ecology-sandra.codio.io:3000/;482;4;Home;-1;209;2.42353606224;0;3;
/;http://ecology-sandra.codio.io:3000/radiation/laser-hair-removal/faq.aspx;;403 Forbidden;;;False;http://ecology-sandra.codio.io:3000/;482;4;Home;-1;209;2.42353606224;0;3;
/;http://ecology-sandra.codio.io:3000/radiation/forms.aspx;;403 Forbidden;;;False;http://ecology-sandra.codio.io:3000/;530;4;Home;-1;209;2.42353606224;0;2;
/;http://ecology-sandra.codio.io:3000/radiation/x-ray/forms.aspx;;403 Forbidden;;;False;http://ecology-sandra.codio.io:3000/;484;4;Home;-1;209;2.42353606224;0;2;
/;http://ecology-sandra.codio.io:3000/radiation/industrial-radiographers/forms.aspx;;403 Forbidden;;;False;http://ecology-sandra.codio.io:3000/;465;4;Home;-1;209;2.42353606224;0;2;
/;http://ecology-sandra.codio.io:3000/radiation/ram/forms.aspx;;403 Forbidden;;;False;http://ecology-sandra.codio.io:3000/;484;4;Home;-1;209;2.42353606224;0;2;
/;http://ecology-sandra.codio.io:3000/radiation/mammography/forms.aspx;;403 Forbidden;;;False;http://ecology-sandra.codio.io:3000/;475;4;Home;-1;209;2.42353606224;0;2;
/;http://ecology-sandra.codio.io:3000/radiation/lasers/forms.aspx;;403 Forbidden;;;False;http://ecology-sandra.codio.io:3000/;456;4;Home;-1;209;2.42353606224;0;2;
/;http://ecology-sandra.codio.io:3000/radiation/laser-hair-removal/forms.aspx;;403 Forbidden;;;False;http://ecology-sandra.codio.io:3000/;482;4;Home;-1;209;2.42353606224;0;2;
/;http://ecology-sandra.codio.io:3000/radiation/laws-rules.aspx;;403 Forbidden;;;False;http://ecology-sandra.codio.io:3000/;530;4;Home;-1;209;2.42353606224;0;2;
/;http://ecology-sandra.codio.io:3000/radiation/x-ray/laws-rules.aspx;;403 Forbidden;;;False;http://ecology-sandra.codio.io:3000/;484;4;Home;-1;209;2.42353606224;0;2;
/;http://ecology-sandra.codio.io:3000/radiation/industrial-radiographers/laws-rules.aspx;;403 Forbidden;;;False;http://ecology-sandra.codio.io:3000/;465;4;Home;-1;209;2.42353606224;0;2;
/;http://ecology-sandra.codio.io:3000/radiation/ram/laws-rules.aspx;;403 Forbidden;;;False;http://ecology-sandra.codio.io:3000/;484;4;Home;-1;209;2.42353606224;0;2;
/;http://ecology-sandra.codio.io:3000/radiation/mammography/laws-rules.aspx;;403 Forbidden;;;False;http://ecology-sandra.codio.io:3000/;475;4;Home;-1;209;2.42353606224;0;2;
/;http://ecology-sandra.codio.io:3000/radiation/lasers/laws-rules.aspx;;403 Forbidden;;;False;http://ecology-sandra.codio.io:3000/;456;4;Home;-1;209;2.42353606224;0;2;
/;http://ecology-sandra.codio.io:3000/radiation/laser-hair-removal/laws-rules.aspx;;403 Forbidden;;;False;http://ecology-sandra.codio.io:3000/;482;4;Home;-1;209;2.42353606224;0;2;
/;http://ecology-sandra.codio.io:3000/radiation/draft-rules.aspx;;403 Forbidden;;;False;http://ecology-sandra.codio.io:3000/;530;4;Home;-1;209;2.42353606224;0;2;
/;http://ecology-sandra.codio.io:3000/radiation/proposed-rules.aspx;;403 Forbidden;;;False;http://ecology-sandra.codio.io:3000/;530;4;Home;-1;209;2.42353606224;0;2;
/;http://ecology-sandra.codio.io:3000/radiation/radon.aspx;;403 Forbidden;;;False;http://ecology-sandra.codio.io:3000/;530;4;Home;-1;209;2.42353606224;0;2;
/;http://ecology-sandra.codio.io:3000/radiation/ct.aspx;;403 Forbidden;;;False;http://ecology-sandra.codio.io:3000/;530;4;Home;-1;209;2.42353606224;0;2;
https://www.dshs.state.tx.us/WorkArea/linkit.aspx?LinkIdentifier=id&ItemID=8589968407;http://ecology-sandra.codio.io:3000/radiation/forms.aspx;;ReadTimeout: HTTPSConnectionPool(host='www.dshs.state.tx.us', port=443): Read timed out. (read timeout=60);;;False;https://www.dshs.state.tx.us/WorkArea/linkit.aspx?LinkIdentifier=id&ItemID=8589968407;587;34;Notice to Employees;-1;-1;63.2293422222;0;2;
/;http://ecology-sandra.codio.io:3000/radiation/inspections.aspx;;403 Forbidden;;;False;http://ecology-sandra.codio.io:3000/;530;4;Home;-1;209;2.42353606224;0;2;
/;http://ecology-sandra.codio.io:3000/radiation/complaints.aspx;;403 Forbidden;;;False;http://ecology-sandra.codio.io:3000/;530;4;Home;-1;209;2.42353606224;0;2;
/;http://ecology-sandra.codio.io:3000/radiation/incidents.aspx;;403 Forbidden;;;False;http://ecology-sandra.codio.io:3000/;530;4;Home;-1;209;2.42353606224;0;2;
https://www.dshs.state.tx.us/WorkArea/linkit.aspx?LinkIdentifier=id&ItemID=8590000321;http://ecology-sandra.codio.io:3000/radiation/forms.aspx;;ReadTimeout: HTTPSConnectionPool(host='www.dshs.state.tx.us', port=443): Read timed out. (read timeout=60);;;False;https://www.dshs.state.tx.us/WorkArea/linkit.aspx?LinkIdentifier=id&ItemID=8590000321;739;34;2016 Industrial Radiography Examination Schedule;-1;-1;62.6882488728;0;2;
https://www.dshs.state.tx.us/WorkArea/linkit.aspx?LinkIdentifier=id&ItemID=8589994660;http://ecology-sandra.codio.io:3000/radiation/forms.aspx;;ReadTimeout: HTTPSConnectionPool(host='www.dshs.state.tx.us', port=443): Read timed out. (read timeout=60);;;False;https://www.dshs.state.tx.us/WorkArea/linkit.aspx?LinkIdentifier=id&ItemID=8589994660;743;34;2015 Industrial Radiography Examination Schedule;-1;-1;63.0126490593;0;2;
http://www.dshs.state.tx.us/WorkArea/linkit.aspx?LinkIdentifier=id&ItemID=8589964530;http://ecology-sandra.codio.io:3000/radiation/forms.aspx;;ReadTimeout: HTTPConnectionPool(host='www.dshs.state.tx.us', port=80): Read timed out. (read timeout=60);;;False;http://www.dshs.state.tx.us/WorkArea/linkit.aspx?LinkIdentifier=id&ItemID=8589964530;826;34;Registration Application for Laser Services;-1;-1;61.618418932;0;2;
https://www.dshs.state.tx.us/WorkArea/linkit.aspx?LinkIdentifier=id&ItemID=8589992449;http://ecology-sandra.codio.io:3000/radiation/forms.aspx;;ReadTimeout: HTTPSConnectionPool(host='www.dshs.state.tx.us', port=443): Read timed out. (read timeout=60);;;False;https://www.dshs.state.tx.us/WorkArea/linkit.aspx?LinkIdentifier=id&ItemID=8589992449;903;34;Acknowledgement to Use the General License for In Vitro Clinical or Laboratory Testing;-1;-1;62.1009471416;0;2;
https://www.dshs.state.tx.us/WorkArea/linkit.aspx?LinkIdentifier=id&ItemID=8589995642;http://ecology-sandra.codio.io:3000/radiation/forms.aspx;;ReadTimeout: HTTPSConnectionPool(host='www.dshs.state.tx.us', port=443): Read timed out. (read timeout=60);;;False;https://www.dshs.state.tx.us/WorkArea/linkit.aspx?LinkIdentifier=id&ItemID=8589995642;907;34;General License Acknowledgement of Devices Containing Radioactive Material;-1;-1;62.213561058;0;2;
/;http://ecology-sandra.codio.io:3000/radiation/emergency-phone.aspx;;403 Forbidden;;;False;http://ecology-sandra.codio.io:3000/;530;4;Home;-1;209;2.42353606224;0;2;
/;http://ecology-sandra.codio.io:3000/radiation/emergency-preparedness/commanche-peak.aspx;;403 Forbidden;;;False;http://ecology-sandra.codio.io:3000/;530;4;Home;-1;209;2.42353606224;0;2;
/;http://ecology-sandra.codio.io:3000/radiation/emergency-preparedness/south-texas-project.aspx;;403 Forbidden;;;False;http://ecology-sandra.codio.io:3000/;530;4;Home;-1;209;2.42353606224;0;2;
/;http://ecology-sandra.codio.io:3000/radiation/emergency-preparedness/pantex.aspx;;403 Forbidden;;;False;http://ecology-sandra.codio.io:3000/;530;4;Home;-1;209;2.42353606224;0;2;
/;http://ecology-sandra.codio.io:3000/radiation/emergency-preparedness/dirty-bomb.aspx;;403 Forbidden;;;False;http://ecology-sandra.codio.io:3000/;530;4;Home;-1;209;2.42353606224;0;2;
/;http://ecology-sandra.codio.io:3000/radiation/emergency-preparedness/radiopharmaceuticals.aspx;;403 Forbidden;;;False;http://ecology-sandra.codio.io:3000/;530;4;Home;-1;209;2.42353606224;0;2;
/;http://ecology-sandra.codio.io:3000/radiation/rem/;;403 Forbidden;;;False;http://ecology-sandra.codio.io:3000/;446;2;Home;-1;209;2.42353606224;0;2;
/;http://ecology-sandra.codio.io:3000/radiation/rem/REMdraftEPP.aspx;;403 Forbidden;;;False;http://ecology-sandra.codio.io:3000/;446;2;Home;-1;209;2.42353606224;0;3;
http://www.dshs.state.tx.us/WorkArea/linkit.aspx?LinkIdentifier=id&ItemID=8590002639;http://ecology-sandra.codio.io:3000/radiation/laser-hair-removal/forms.aspx;;ReadTimeout: HTTPConnectionPool(host='www.dshs.state.tx.us', port=80): Read timed out. (read timeout=60);;;False;http://www.dshs.state.tx.us/WorkArea/linkit.aspx?LinkIdentifier=id&ItemID=8590002639;542;35;Termination of Laser Hair Removal Individual Registration;-1;-1;60.5678579807;0;2;
https://www.dshs.state.tx.us/WorkArea/linkit.aspx?LinkIdentifier=id&ItemID=8589961607;http://ecology-sandra.codio.io:3000/radiation/laws-rules.aspx;;ReadTimeout: HTTPSConnectionPool(host='www.dshs.state.tx.us', port=443): Read timed out. (read timeout=60);;;False;https://www.dshs.state.tx.us/WorkArea/linkit.aspx?LinkIdentifier=id&ItemID=8589961607;599;392;ยง289.102 (PDF, 94KB);-1;-1;60.4923739433;0;2;
https://www.dshs.state.tx.us/WorkArea/linkit.aspx?LinkIdentifier=id&ItemID=8589945996;http://ecology-sandra.codio.io:3000/radiation/laws-rules.aspx;;ReadTimeout: HTTPSConnectionPool(host='www.dshs.state.tx.us', port=443): Read timed out. (read timeout=60);;;False;https://www.dshs.state.tx.us/WorkArea/linkit.aspx?LinkIdentifier=id&ItemID=8589945996;604;392;ยง289.130 (PDF, 85KB);-1;-1;60.684926033;0;2;
/;http://ecology-sandra.codio.io:3000/radiation/enforcement.aspx;;403 Forbidden;;;False;http://ecology-sandra.codio.io:3000/;530;4;Home;-1;209;2.42353606224;0;2;
/;http://ecology-sandra.codio.io:3000/radiation/announcements.aspx;;403 Forbidden;;;False;http://ecology-sandra.codio.io:3000/;530;4;Home;-1;209;2.42353606224;0;2;
/;http://ecology-sandra.codio.io:3000/radiation/meetings.aspx;;403 Forbidden;;;False;http://ecology-sandra.codio.io:3000/;530;4;Home;-1;209;2.42353606224;0;2;
/;http://ecology-sandra.codio.io:3000/radiation/conference/2014.aspx;;403 Forbidden;;;False;http://ecology-sandra.codio.io:3000/;530;4;Home;-1;209;2.42353606224;0;2;
/;http://ecology-sandra.codio.io:3000/radiation/open-records.aspx;;403 Forbidden;;;False;http://ecology-sandra.codio.io:3000/;530;4;Home;-1;209;2.42353606224;0;2;
/;http://ecology-sandra.codio.io:3000/radiation/about.aspx;;403 Forbidden;;;False;http://ecology-sandra.codio.io:3000/;530;4;Home;-1;209;2.42353606224;0;2;
/;http://ecology-sandra.codio.io:3000/radiation/conference/presentations.aspx;;403 Forbidden;;;False;http://ecology-sandra.codio.io:3000/;530;4;Home;-1;209;2.42353606224;0;3;
/;http://ecology-sandra.codio.io:3000/radiation/history.aspx;;403 Forbidden;;;False;http://ecology-sandra.codio.io:3000/;530;4;Home;-1;209;2.42353606224;0;2;
/;http://ecology-sandra.codio.io:3000/radiation/links.aspx;;403 Forbidden;;;False;http://ecology-sandra.codio.io:3000/;530;4;Home;-1;209;2.42353606224;0;2;
/;http://ecology-sandra.codio.io:3000/radiation/agreement.aspx;;403 Forbidden;;;False;http://ecology-sandra.codio.io:3000/;530;4;Home;-1;209;2.42353606224;0;3;
/;http://ecology-sandra.codio.io:3000/radiation/history-chronological.aspx;;403 Forbidden;;;False;http://ecology-sandra.codio.io:3000/;530;4;Home;-1;209;2.42353606224;0;3;
http://www.epa.gov/oar/oaqps/;http://ecology-sandra.codio.io:3000/radiation/about.aspx;;404 Not Found;;"Redirected to `http://www2.epa.gov/oar/oaqps/'.
Redirected to `http://www2.epa.gov//oaqps/'.
Redirected to `http://www2.epa.gov/oaqps'.";False;http://www2.epa.gov/oaqps;631;6;US EPA Office of Air and Radiation ;-1;18452;2.42640805244;0;2;
/;http://ecology-sandra.codio.io:3000/radiation/contact.aspx;;403 Forbidden;;;False;http://ecology-sandra.codio.io:3000/;530;4;Home;-1;209;2.42353606224;0;2;
http://www.epa.gov/radiation/wipp/;http://ecology-sandra.codio.io:3000/radiation/links.aspx;;404 Not Found;;"Redirected to `http://www2.epa.gov/radiation/wipp/'.
Redirected to `http://www2.epa.gov/radiation/wipp'.";False;http://www2.epa.gov/radiation/wipp;611;13;EPA WIPP;-1;18452;1.47257590294;0;2;
/;http://ecology-sandra.codio.io:3000/radiation/x-ray/business-registration.aspx;;403 Forbidden;;;False;http://ecology-sandra.codio.io:3000/;484;4;Home;-1;209;2.42353606224;0;4;
https://www.dshs.state.tx.us/region1/default.shtm;http://ecology-sandra.codio.io:3000/radiation/inspectors.aspx;;ConnectionError: ('Connection aborted.', BadStatusLine('=\x1da]\x8c<\x83\xa2a\x94d=\x9a\xc4\x9ea)h\xe2\xa4\x1ay\x18~\xc5C{\x1bhObT\x7f\xa6\x16\x10\'\x9e\x04\x9a\xe0N\xa2\x17\xf63\xb3btO\x01\xb2\xfb\x1e\x0c\xf7\xf64%+\x13l\r1E\x07\x07\x8e\x0...;;;False;https://www.dshs.state.tx.us/region1/default.shtm;623;44;Region 1 website;-1;-1;1.72362399101;0;3;
https://www.dshs.state.tx.us/WorkArea/linkit.aspx?LinkIdentifier=id&ItemID=8590000321;http://ecology-sandra.codio.io:3000/radiation/industrial-radiographers/exam.aspx;;ReadTimeout: HTTPSConnectionPool(host='www.dshs.state.tx.us', port=443): Read timed out. (read timeout=60);;;False;https://www.dshs.state.tx.us/WorkArea/linkit.aspx?LinkIdentifier=id&ItemID=8590000321;511;34;2016 Industrial Radiography Examination Schedule;-1;-1;62.6882488728;0;3;
https://www.dshs.state.tx.us/WorkArea/linkit.aspx?LinkIdentifier=id&ItemID=8589994660;http://ecology-sandra.codio.io:3000/radiation/industrial-radiographers/exam.aspx;;ReadTimeout: HTTPSConnectionPool(host='www.dshs.state.tx.us', port=443): Read timed out. (read timeout=60);;;False;https://www.dshs.state.tx.us/WorkArea/linkit.aspx?LinkIdentifier=id&ItemID=8589994660;515;34;2015 Industrial Radiography Examination Schedule;-1;-1;63.0126490593;0;3;
http://www.idph.state.ia.us/eh/radioactive_materials.asp;http://ecology-sandra.codio.io:3000/radiation/industrial-radiographers/other-certifications.aspx;;404 Not Found;;;False;http://www.idph.state.ia.us/eh/radioactive_materials.asp;578;34;Iowa Dept. of Public Health;-1;12984;0.158842086792;0;3;
/;http://ecology-sandra.codio.io:3000/radiation/ram/add-medical-site.aspx;;403 Forbidden;;;False;http://ecology-sandra.codio.io:3000/;484;4;Home;-1;209;2.42353606224;0;4;
/;http://ecology-sandra.codio.io:3000/radiation/ram/add-physician.aspx;;403 Forbidden;;;False;http://ecology-sandra.codio.io:3000/;484;4;Home;-1;209;2.42353606224;0;4;
/;http://ecology-sandra.codio.io:3000/radiation/ram/gauges.aspx;;403 Forbidden;;;False;http://ecology-sandra.codio.io:3000/;484;4;Home;-1;209;2.42353606224;0;4;
/;http://ecology-sandra.codio.io:3000/radiation/ram/gauges.aspx;;403 Forbidden;;;False;http://ecology-sandra.codio.io:3000/;484;4;Home;-1;209;2.42353606224;0;4;
/;http://ecology-sandra.codio.io:3000/radiation/ram/industrial-radiography.aspx;;403 Forbidden;;;False;http://ecology-sandra.codio.io:3000/;484;4;Home;-1;209;2.42353606224;0;4;
/;http://ecology-sandra.codio.io:3000/radiation/ram/well-logging.aspx;;403 Forbidden;;;False;http://ecology-sandra.codio.io:3000/;484;4;Home;-1;209;2.42353606224;0;4;
/;http://ecology-sandra.codio.io:3000/radiation/ram/well-logging.aspx;;403 Forbidden;;;False;http://ecology-sandra.codio.io:3000/;484;4;Home;-1;209;2.42353606224;0;4;
/;http://ecology-sandra.codio.io:3000/radiation/ram/gauges.aspx;;403 Forbidden;;;False;http://ecology-sandra.codio.io:3000/;484;4;Home;-1;209;2.42353606224;0;4;
/;http://ecology-sandra.codio.io:3000/radiation/ram/gauges.aspx;;403 Forbidden;;;False;http://ecology-sandra.codio.io:3000/;484;4;Home;-1;209;2.42353606224;0;4;
https://www.dshs.state.tx.us/WorkArea/linkit.aspx?LinkIdentifier=id&ItemID=8589995642;http://ecology-sandra.codio.io:3000/radiation/ram/GLA.aspx;;ReadTimeout: HTTPSConnectionPool(host='www.dshs.state.tx.us', port=443): Read timed out. (read timeout=60);;;False;https://www.dshs.state.tx.us/WorkArea/linkit.aspx?LinkIdentifier=id&ItemID=8589995642;528;45;RC 251-2, Application for a General License Acknowledgement Form;-1;-1;62.213561058;0;3;
https://www.dshs.state.tx.us/WorkArea/linkit.aspx?LinkIdentifier=id&ItemID=8589992449;http://ecology-sandra.codio.io:3000/radiation/ram/GLA.aspx;;ReadTimeout: HTTPSConnectionPool(host='www.dshs.state.tx.us', port=443): Read timed out. (read timeout=60);;;False;https://www.dshs.state.tx.us/WorkArea/linkit.aspx?LinkIdentifier=id&ItemID=8589992449;535;53;RC 251-1, Application for Acknowledgement to use the General License for in vitro Clinical or Laboratory Testing;-1;-1;62.1009471416;0;3;
http://www.dshs.state.tx.us/WorkArea/linkit.aspx?LinkIdentifier=id&ItemID=8589964530;http://ecology-sandra.codio.io:3000/radiation/lasers/registration.aspx;;ReadTimeout: HTTPConnectionPool(host='www.dshs.state.tx.us', port=80): Read timed out. (read timeout=60);;;False;http://www.dshs.state.tx.us/WorkArea/linkit.aspx?LinkIdentifier=id&ItemID=8589964530;585;36;Registration Application for Laser Device Services;-1;-1;61.618418932;0;3;
http://www.dshs.state.tx.us/WorkArea/linkit.aspx?LinkIdentifier=id&ItemID=8589964530;http://ecology-sandra.codio.io:3000/radiation/lasers/registration.aspx;;ReadTimeout: HTTPConnectionPool(host='www.dshs.state.tx.us', port=80): Read timed out. (read timeout=60);;;False;http://www.dshs.state.tx.us/WorkArea/linkit.aspx?LinkIdentifier=id&ItemID=8589964530;768;35;Registration Application for Laser Device Services;-1;-1;61.618418932;0;3;
http://www.dshs.state.tx.us/WorkArea/linkit.aspx?LinkIdentifier=id&ItemID=8590002639;http://ecology-sandra.codio.io:3000/radiation/laser-hair-removal/individual-registration.aspx;;ReadTimeout: HTTPConnectionPool(host='www.dshs.state.tx.us', port=80): Read timed out. (read timeout=60);;;False;http://www.dshs.state.tx.us/WorkArea/linkit.aspx?LinkIdentifier=id&ItemID=8590002639;711;35;Termination of LHR Individual Registration;-1;-1;60.5678579807;0;3;
/;http://ecology-sandra.codio.io:3000/radiation/laser-hair-removal/devices.aspx;;403 Forbidden;;;False;http://ecology-sandra.codio.io:3000/;482;4;Home;-1;209;2.42353606224;0;4;
https://www.scmhr.org/;http://ecology-sandra.codio.io:3000/radiation/laser-hair-removal/certifying-entity-list.aspx;;SSLError: [Errno 1] _ssl.c:510: error:14090086:SSL routines:SSL3_GET_SERVER_CERTIFICATE:certificate verify failed;;;False;https://www.scmhr.org/;567;2;The Society for Clinical & Medical Hair Removal, Inc.;-1;-1;0.423512935638;0;3;
http://www.dshs.state.tx.us/WorkArea/linkit.aspx?LinkIdentifier=id&ItemID=19901;http://ecology-sandra.codio.io:3000/radiation/ram/environmental-monitoring.aspx;;ReadTimeout: HTTPConnectionPool(host='www.dshs.state.tx.us', port=80): Read timed out. (read timeout=60);;;False;http://www.dshs.state.tx.us/WorkArea/linkit.aspx?LinkIdentifier=id&ItemID=19901;525;6;2005 Environmental Monitoring Summary;-1;-1;63.0715999603;0;3;
https://www.dshs.state.tx.us/radiation/pdffiles/Laser-Hair-Removal-Report-Final.pdf;http://ecology-sandra.codio.io:3000/radiation/laser-hair-removal/publications.aspx;;ReadTimeout: HTTPSConnectionPool(host='www.dshs.state.tx.us', port=443): Read timed out. (read timeout=60);;;False;https://www.dshs.state.tx.us/radiation/pdffiles/Laser-Hair-Removal-Report-Final.pdf;515;4;Report on Regulation of Laser Hair Removal - May 2008;-1;-1;61.4898490906;0;3;
https://www.dshs.state.tx.us/radiation/pdffiles/State-Reg--Comparison-Laser-Hair-Removal.pdf;http://ecology-sandra.codio.io:3000/radiation/laser-hair-removal/publications.aspx;;ReadTimeout: HTTPSConnectionPool(host='www.dshs.state.tx.us', port=443): Read timed out. (read timeout=60);;;False;https://www.dshs.state.tx.us/radiation/pdffiles/State-Reg--Comparison-Laser-Hair-Removal.pdf;516;4;Attachment A - Table of States Regulation;-1;-1;61.6277499199;0;3;
http://www.dshs.state.tx.us/radiation/rem/Drafts/Tab-4-Draft.pdf;http://ecology-sandra.codio.io:3000/radiation/rem/REMdraftEPP.aspx;;ReadTimeout: HTTPConnectionPool(host='www.dshs.state.tx.us', port=80): Read timed out. (read timeout=60);;;False;http://www.dshs.state.tx.us/radiation/rem/Drafts/Tab-4-Draft.pdf;477;4;Tab 4 - Transportation/Terrorism Response Draft;-1;-1;60.1533968449;0;3;
